employee_id,department,engagement,salary,vacation_days_taken
1,Sales,3,103263.6355,7
2,Engineering,3,80708.64104,12
4,Engineering,3,60737.04786,12
5,Engineering,3,99116.32328,7
7,Engineering,3,51021.64386,18
8,Engineering,3,98399.87194,9
10,Engineering,3,57106.19622,18
11,Engineering,1,55065.02797,4
12,Engineering,4,77158.03415,12
13,Engineering,2,48364.61591,14
14,Engineering,5,60944.84791,13
15,Engineering,3,59161.46819,13
16,Engineering,3,79324.22957,10
18,Engineering,1,77148.76442,20
19,Engineering,3,90410.6727,19
20,Engineering,3,70755.81595,20
21,Engineering,3,49553.539,24
22,Engineering,3,50266.19855,14
23,Sales,1,69598.26208,16
24,Engineering,2,68483.49055,8
26,Engineering,4,72281.0312,26
27,Sales,2,67126.68175,9
28,Engineering,1,78843.21045,12
30,Engineering,3,104444.0974,18
31,Engineering,3,49481.70642,14
32,Engineering,3,94147.28329,15
33,Engineering,1,64901.39323,21
35,Sales,3,71113.65688,15
36,Engineering,3,56000.87776,22
38,Sales,2,67304.80595,7
39,Engineering,4,53240.6044,19
40,Engineering,4,59104.5609,1
41,Engineering,2,74578.68224,11
42,Sales,4,82124.85599,10
45,Engineering,2,98787.23581,19
46,Engineering,3,47445.70409,13
47,Sales,3,58583.13062,9
49,Sales,2,69286.62958,4
51,Engineering,2,64277.94343,17
52,Sales,3,68734.0118,1
53,Engineering,4,73416.88275,12
54,Engineering,3,55818.90933,5
55,Engineering,3,54506.23049,22
56,Sales,1,131067.5929,10
57,Engineering,4,58822.03841,16
58,Engineering,4,75409.8366,16
60,Sales,3,50763.08733,9
61,Engineering,3,57299.30235,10
62,Sales,3,82881.87396,9
63,Engineering,4,121240.6923,18
64,Engineering,4,78375.83878,6
65,Engineering,1,69745.67878,6
68,Sales,3,56939.63704,8
70,Engineering,3,77168.16201,6
72,Sales,3,83765.31995,21
73,Engineering,4,82919.55914,16
74,Sales,3,107643.619,8
75,Engineering,4,58219.71594,4
76,Engineering,2,86872.23522,3
77,Engineering,4,92539.25399,17
78,Engineering,3,74719.10675,17
79,Engineering,5,52725.34443,4
80,Engineering,3,73525.27375,16
81,Sales,3,82283.84572,10
83,Engineering,2,85396.65335,11
84,Engineering,4,71739.17991,25
85,Engineering,4,76400.94401,23
86,Engineering,4,50973.26937,6
88,Engineering,3,72473.04715,10
90,Engineering,3,78323.22419,16
91,Sales,5,72079.66615,7
94,Engineering,4,133493.9205,18
95,Engineering,4,60609.478,17
96,Engineering,4,48373.89991,5
97,Engineering,2,63647.61495,13
98,Engineering,3,59560.49338,13
100,Sales,2,52709.58743,7
101,Engineering,2,79542.92109,14
102,Engineering,1,77832.66866,13
103,Finance,1,99313.0163,15
104,Engineering,3,130559.4155,13
105,Engineering,3,54881.20647,5
106,Sales,3,52680.39429,5
107,Engineering,3,66115.81142,13
110,Engineering,4,47803.12048,13
112,Engineering,2,59036.66341,17
113,Sales,2,88238.07282,7
116,Engineering,4,51542.47894,11
117,Engineering,3,88037.07169,16
118,Sales,3,53105.88228,14
119,Engineering,3,64432.80077,26
120,Sales,5,99423.13906,7
121,Sales,3,51375.03835,18
124,Engineering,3,67302.33004,7
125,Sales,1,108653.053,19
126,Engineering,4,50343.13818,7
128,Sales,1,61801.93175,9
129,Sales,5,87335.63596,22
131,Sales,3,70083.33336,4
132,Engineering,1,72603.40193,6
133,Finance,4,121074.1478,6
134,Engineering,4,91397.44142,5
137,Engineering,5,75173.38286,14
138,Engineering,3,56754.47525,9
139,Engineering,4,53055.83619,5
140,Finance,5,88988.78952,6
141,Engineering,3,59214.97363,27
142,Sales,2,131677.7646,17
143,Engineering,4,55104.7524,26
144,Engineering,1,50482.08399,9
145,Engineering,3,52013.08115,20
147,Engineering,3,87720.88787,19
148,Finance,4,62239.7917,4
150,Engineering,2,89956.57113,14
151,Engineering,3,72176.91737,6
152,Sales,2,54953.57839,5
153,Engineering,1,104506.3529,16
154,Sales,2,99830.11794,6
155,Engineering,4,53211.87436,10
158,Sales,3,99145.09953,4
159,Engineering,3,60038.16306,20
160,Sales,3,77380.48642,6
161,Engineering,3,50398.8453,16
162,Engineering,3,76834.40541,10
163,Sales,1,90057.39671,13
164,Engineering,3,117149.8676,29
165,Engineering,4,85166.22809,16
167,Sales,1,67360.38539,9
169,Engineering,3,62823.0546,8
170,Engineering,1,93091.0509,19
171,Engineering,4,61008.09939,7
174,Sales,3,52335.07442,18
175,Sales,3,78817.70721,4
176,Sales,2,51167.39959,9
177,Finance,4,67593.16498,18
178,Engineering,3,75042.08297,12
179,Engineering,4,150592.5374,11
182,Sales,5,56334.2059,2
183,Sales,1,93265.34557,7
184,Finance,4,66612.95614,11
190,Engineering,2,67612.50316,6
192,Engineering,4,59429.55155,23
193,Engineering,3,60313.12933,1
194,Engineering,3,48100.37852,6
195,Sales,3,90613.96156,12
197,Engineering,1,73130.77254,1
198,Engineering,2,76328.15756,16
199,Engineering,2,80552.33059,32
200,Engineering,3,122257.5829,7
201,Engineering,5,68267.22958,30
202,Engineering,3,70510.90965,12
204,Sales,5,90363.1139,3
205,Sales,5,53042.60768,9
206,Engineering,3,65037.93988,10
207,Sales,4,58766.0629,7
208,Engineering,4,82177.74255,2
211,Engineering,2,50213.03573,11
214,Engineering,2,58922.764,15
215,Sales,1,85621.16871,5
216,Sales,2,81900.46288,4
217,Engineering,4,103471.6722,6
218,Engineering,3,69872.26705,22
221,Engineering,3,64517.68315,2
223,Engineering,2,107376.3421,4
224,Engineering,3,56667.66113,5
226,Engineering,3,49835.63312,1
227,Engineering,3,80661.21344,13
228,Sales,2,78983.2743,15
230,Sales,5,94220.13396,9
231,Engineering,3,55990.01832,3
233,Engineering,2,53355.01006,7
235,Sales,3,61121.80536,3
238,Engineering,4,82937.36827,9
239,Engineering,4,120338.3357,8
240,Sales,3,92939.86271,9
241,Engineering,5,84451.46802,17
242,Engineering,2,57202.57913,17
243,Engineering,3,95446.91191,16
244,Sales,3,61776.23398,7
245,Engineering,2,59819.09158,20
246,Engineering,4,66996.3133,20
247,Engineering,3,79916.10805,9
248,Sales,2,66981.60704,16
249,Engineering,4,95006.73676,4
250,Engineering,3,58382.02327,1
252,Engineering,2,92080.4283,17
253,Engineering,4,54100.59468,4
254,Engineering,3,52430.69449,9
256,Engineering,3,79161.73648,5
258,Engineering,4,106651.0761,18
259,Engineering,4,57760.49709,16
260,Engineering,5,108114.1349,14
261,Engineering,3,124725.4743,9
262,Engineering,2,95117.07679,7
264,Engineering,4,117162.3903,14
267,Engineering,3,77267.42723,7
269,Engineering,3,108010.9368,15
270,Engineering,3,79937.21126,4
271,Engineering,4,62659.5023,18
273,Engineering,3,79120.34417,13
274,Engineering,3,95323.87273,13
275,Engineering,3,61173.3199,34
277,Engineering,2,59179.77747,9
281,Engineering,3,90500.53492,5
282,Engineering,4,57069.45982,8
283,Sales,2,51965.59312,7
284,Engineering,5,79473.40323,7
286,Engineering,4,47733.63494,17
287,Engineering,3,128703.9815,2
288,Engineering,3,66510.70525,27
291,Sales,3,63016.92626,7
292,Engineering,3,48317.47756,10
293,Sales,2,109408.9245,14
296,Engineering,3,84581.60936,18
297,Engineering,4,51113.52198,24
298,Sales,3,70062.56508,10
299,Sales,3,91386.12164,1
300,Engineering,4,58530.01817,13
302,Sales,3,70866.78624,17
303,Sales,3,46133.67358,16
304,Engineering,3,68682.36499,23
305,Engineering,3,60622.36617,8
306,Engineering,2,48465.21768,19
307,Sales,4,92010.43496,19
308,Engineering,4,46972.29276,16
309,Engineering,4,114114.9983,13
311,Sales,4,69416.80495,2
312,Sales,1,56969.15111,9
314,Sales,3,56306.47052,6
315,Engineering,3,47939.07559,2
316,Engineering,2,88523.66164,11
319,Engineering,2,82807.17431,5
321,Finance,3,84663.9407,4
323,Sales,3,91660.66818,8
325,Engineering,3,88323.43038,25
327,Sales,3,55472.87125,10
328,Engineering,4,88845.26794,13
329,Sales,1,105583.3017,10
330,Sales,3,92509.00875,10
331,Engineering,2,85052.50989,6
332,Engineering,4,67189.92881,16
333,Sales,3,64305.02726,16
334,Engineering,4,69023.80622,5
335,Engineering,4,64592.45641,1
336,Engineering,3,48485.96244,18
337,Engineering,3,100848.1368,9
338,Engineering,3,72689.83272,9
339,Engineering,3,71034.02184,2
340,Engineering,4,55030.17442,4
341,Engineering,1,55739.28662,9
342,Engineering,3,67322.3257,11
343,Engineering,3,51817.97464,7
346,Engineering,2,91770.33627,12
347,Engineering,3,91521.57004,4
349,Sales,3,126404.0259,9
350,Engineering,3,78884.72352,13
351,Engineering,5,60561.5035,20
352,Engineering,2,70014.01761,3
353,Engineering,1,67373.60411,8
355,Engineering,4,65999.68447,20
359,Engineering,3,62114.27178,16
361,Sales,3,73887.24902,8
362,Engineering,5,93043.67201,5
363,Sales,1,104005.882,25
364,Engineering,4,94781.36057,23
366,Sales,1,69196.43718,8
367,Engineering,3,50476.79806,12
369,Engineering,2,136408.8615,24
372,Engineering,4,109907.9772,11
373,Engineering,4,63869.47152,10
374,Engineering,5,130435.3081,2
376,Engineering,1,51025.95385,4
377,Engineering,3,75187.12148,1
378,Sales,2,52426.93451,3
379,Engineering,3,89798.18769,10
380,Engineering,3,49085.63891,9
381,Engineering,4,53910.58953,7
382,Sales,3,98536.6352,9
384,Engineering,5,62927.76049,23
385,Engineering,4,71133.48419,11
386,Engineering,2,61254.89449,7
387,Sales,3,48577.70871,5
388,Sales,2,47257.6461,5
389,Engineering,4,85344.8175,16
390,Engineering,3,66526.7785,21
391,Engineering,2,47662.01627,6
392,Engineering,4,97159.0406,9
393,Engineering,2,66780.59983,5
394,Engineering,4,81082.51162,1
395,Engineering,4,71255.37619,4
396,Engineering,3,69377.0431,8
397,Engineering,3,87448.94681,19
399,Sales,5,78712.93204,9
401,Sales,2,78448.55424,15
403,Engineering,2,164072.581,9
404,Sales,4,76633.52637,13
405,Engineering,2,89089.69721,12
406,Sales,3,70462.88699,13
407,Engineering,4,61387.64473,9
408,Engineering,3,50730.83081,17
410,Sales,5,70151.64795,3
411,Sales,3,58966.65997,6
412,Engineering,3,84768.6779,10
416,Sales,3,53916.68759,5
417,Engineering,1,67881.12464,3
419,Engineering,3,98474.4317,10
420,Sales,3,74584.21404,12
421,Engineering,3,68748.96329,31
422,Engineering,3,54076.18636,12
423,Engineering,3,64536.4674,8
424,Finance,2,67613.34435,17
425,Engineering,4,98818.89066,16
426,Engineering,3,77066.88694,19
428,Engineering,4,86015.51951,25
429,Engineering,3,82660.30871,13
430,Engineering,3,89148.58283,16
431,Engineering,3,56414.21053,12
433,Engineering,3,93967.1279,27
434,Engineering,3,52780.11287,8
436,Sales,3,46982.98152,15
437,Sales,3,61050.48193,13
438,Sales,3,63639.08053,9
439,Engineering,3,64866.15866,9
440,Engineering,4,61953.46713,4
441,Engineering,3,105241.1184,10
442,Engineering,4,79053.37932,5
444,Engineering,4,58672.70462,11
445,Sales,1,77974.70654,5
446,Sales,5,55073.66985,2
447,Engineering,4,60394.53949,8
448,Engineering,5,52182.30396,28
449,Sales,3,55361.11735,7
450,Engineering,2,55722.10635,18
451,Engineering,3,62114.48016,23
452,Engineering,3,71276.1068,9
453,Sales,3,71892.76574,18
454,Engineering,4,64237.44986,18
455,Engineering,1,57288.7361,29
456,Sales,5,77300.80552,4
458,Sales,3,63055.28625,2
460,Engineering,4,83756.11863,35
461,Engineering,3,71285.66162,17
462,Engineering,3,69134.15008,16
463,Sales,3,88213.90315,2
464,Engineering,3,57689.38275,1
465,Engineering,4,49553.6248,5
466,Engineering,5,63352.61346,9
467,Sales,1,90662.21439,19
468,Engineering,5,129275.5187,6
469,Sales,4,79176.24485,0
470,Finance,3,54791.30549,9
471,Engineering,3,82202.61595,5
473,Sales,3,134445.9452,10
474,Engineering,2,111726.1535,11
475,Sales,4,61191.66099,1
476,Sales,1,73156.76307,14
477,Engineering,3,75726.01033,23
478,Sales,1,84386.89083,6
479,Sales,4,54863.32394,11
481,Sales,4,51945.54888,3
482,Engineering,3,64377.08794,27
483,Engineering,3,63806.03769,10
484,Sales,3,92783.86058,9
485,Sales,2,74267.38247,4
486,Engineering,3,77870.53773,16
487,Engineering,2,57721.71333,6
488,Sales,3,111006.9782,17
491,Engineering,3,58490.59249,3
492,Sales,2,76131.05228,19
493,Engineering,1,82189.05494,4
494,Sales,4,53745.74092,14
495,Engineering,3,49374.50736,27
496,Engineering,4,49493.0169,8
497,Engineering,3,92920.21912,8
498,Sales,1,65243.09354,10
499,Engineering,3,106789.512,8
500,Sales,3,70468.83764,6
501,Engineering,3,108694.2205,6
502,Sales,3,70085.97323,17
505,Engineering,4,137546.0212,8
507,Sales,4,70559.04982,4
508,Sales,3,63489.17488,5
510,Engineering,5,57583.02069,11
511,Engineering,3,74657.52434,9
513,Sales,3,47497.65146,10
514,Engineering,4,78619.22862,14
515,Engineering,3,62417.34943,20
516,Sales,4,89220.27396,15
517,Engineering,3,64487.25222,20
518,Engineering,4,67558.34263,14
520,Engineering,4,59759.57599,9
521,Engineering,4,61515.52416,17
522,Engineering,3,68659.7259,10
523,Sales,3,72646.27123,16
524,Engineering,5,73687.22471,3
525,Engineering,3,93895.07951,7
526,Engineering,1,118657.0848,10
527,Sales,3,62462.62703,11
529,Engineering,3,68452.76856,21
530,Engineering,3,94418.63548,6
531,Engineering,4,69041.44445,13
532,Sales,3,55411.57299,14
533,Sales,3,77147.29648,0
534,Sales,3,78678.32423,6
536,Engineering,3,96420.96265,5
538,Engineering,4,103111.3392,17
543,Engineering,3,69412.97679,2
544,Engineering,4,103206.2224,8
546,Engineering,3,75805.99236,6
547,Engineering,5,61118.07126,8
548,Engineering,2,56955.20456,3
549,Engineering,2,65507.27854,13
550,Engineering,3,62205.91266,5
551,Engineering,3,65031.98816,6
554,Sales,4,76207.7812,2
555,Sales,3,57486.16528,13
556,Engineering,2,50310.3138,8
558,Sales,2,97108.40987,7
560,Engineering,4,54678.32537,7
562,Engineering,5,66499.9822,5
564,Engineering,4,53819.5559,9
565,Engineering,2,48655.86351,19
566,Finance,5,77467.12463,2
567,Sales,2,76707.95069,4
568,Sales,3,78305.12128,11
569,Engineering,3,69922.58297,23
571,Engineering,3,105371.6029,5
573,Sales,2,73431.03146,3
574,Engineering,3,71882.32049,19
575,Engineering,3,74668.78486,8
577,Engineering,4,54639.60081,1
578,Engineering,3,98204.58696,19
579,Engineering,3,55107.10588,6
580,Sales,3,112631.3355,24
581,Engineering,3,67718.25989,18
582,Engineering,3,50404.9471,7
584,Engineering,4,63326.86977,16
585,Sales,3,73914.61826,3
586,Engineering,4,61669.99501,14
587,Engineering,4,72587.70869,3
590,Finance,4,77782.46617,17
591,Engineering,4,61664.77248,5
592,Sales,3,70788.74416,6
593,Engineering,2,62857.00526,3
595,Sales,4,82875.21286,12
597,Sales,2,84652.245,1
599,Sales,4,73401.7003,3
600,Sales,4,62467.90489,14
601,Engineering,4,58040.54084,6
602,Engineering,3,87721.56149,15
604,Sales,4,73937.5052,6
605,Engineering,5,72610.70506,17
606,Sales,3,121317.9,3
608,Finance,4,88225.29047,4
611,Engineering,5,64117.87306,15
612,Engineering,3,58388.68729,9
613,Sales,2,72982.55277,5
614,Sales,5,77694.48945,23
615,Sales,3,101062.3489,18
616,Engineering,3,67426.40402,4
618,Sales,5,81014.75734,2
620,Sales,2,61835.8082,7
621,Sales,5,62414.92458,1
622,Engineering,3,95239.91204,15
623,Engineering,1,98470.14659,14
624,Engineering,3,59071.04924,10
625,Sales,2,59127.26215,4
626,Sales,3,76601.26659,10
630,Engineering,3,77468.44965,8
631,Sales,3,73735.63437,3
632,Sales,2,59497.95404,7
634,Engineering,4,90760.6403,17
635,Engineering,5,73486.48098,16
638,Engineering,2,85796.11261,6
639,Engineering,4,75846.60202,18
641,Sales,2,51950.96793,8
643,Engineering,3,59366.53206,13
644,Finance,5,51674.04213,9
645,Sales,5,75371.27929,9
647,Engineering,4,54487.92694,13
648,Sales,3,72136.3664,2
649,Engineering,2,78063.76729,10
650,Sales,3,64260.17655,9
652,Engineering,1,52723.86564,25
653,Sales,3,56406.5762,8
655,Engineering,1,62425.93408,4
656,Sales,3,53307.08474,2
657,Engineering,5,53041.27391,16
659,Engineering,4,56272.58081,24
661,Engineering,4,89142.70419,14
662,Engineering,4,72276.31232,10
663,Engineering,3,67777.55339,20
664,Engineering,3,56177.75868,12
665,Finance,3,78332.59816,28
666,Sales,4,90390.65114,6
667,Sales,1,66240.52676,8
669,Sales,2,59115.19249,12
671,Engineering,4,55583.57755,11
675,Engineering,3,65745.30539,2
677,Sales,3,69393.78776,4
679,Engineering,2,90210.4151,10
680,Engineering,3,59604.77773,12
682,Sales,3,62414.73747,26
683,Engineering,5,75090.85815,3
684,Sales,5,64062.85709,6
686,Engineering,4,71562.66988,8
689,Engineering,3,60237.52811,3
690,Sales,3,55695.05174,1
691,Engineering,2,67031.93282,7
692,Engineering,3,92049.33157,7
698,Finance,2,72036.5668,28
699,Engineering,4,70529.31477,1
700,Engineering,3,65141.08917,17
701,Engineering,4,90774.76498,16
702,Engineering,3,76594.64268,14
704,Engineering,4,75130.68374,9
705,Engineering,5,68745.72337,15
707,Sales,3,59399.5415,12
709,Sales,4,57180.41716,8
710,Engineering,4,67110.61029,7
712,Sales,3,52694.85269,3
714,Sales,5,72646.25474,1
715,Engineering,3,82594.32898,3
716,Engineering,1,84841.9643,12
717,Engineering,3,64108.0329,35
720,Sales,2,90675.20449,5
721,Engineering,1,72926.75918,32
722,Sales,2,57203.44343,13
723,Sales,2,97655.22766,3
724,Engineering,5,54976.21426,13
725,Engineering,3,58006.36298,19
727,Engineering,4,76584.70822,12
728,Sales,3,48938.57888,5
729,Sales,4,91835.54746,1
730,Engineering,4,124835.9161,6
731,Finance,2,49627.22612,16
732,Sales,3,71185.44186,13
733,Engineering,3,93271.75602,14
734,Finance,3,77370.35368,3
738,Sales,3,99937.8268,8
741,Engineering,2,52841.77123,15
742,Engineering,2,61726.25612,15
743,Engineering,4,76779.28636,5
744,Engineering,5,72793.10248,1
746,Sales,1,70493.62663,26
747,Sales,4,63246.0885,7
749,Sales,2,67734.51514,9
752,Engineering,4,63882.93278,11
754,Sales,3,66163.61617,10
757,Engineering,3,60520.77108,2
758,Engineering,2,58931.02709,20
760,Finance,2,102156.4049,8
762,Engineering,3,87799.65136,8
763,Engineering,3,77513.40202,13
764,Engineering,3,56720.73971,20
766,Sales,3,62350.55681,3
769,Engineering,3,88148.80362,16
771,Engineering,4,59155.381,13
772,Engineering,2,55488.87848,15
773,Engineering,3,77872.83003,15
775,Engineering,2,89501.2993,0
776,Sales,2,95426.91018,4
780,Engineering,2,88567.79718,28
781,Sales,2,87864.2371,13
783,Sales,1,58586.53213,16
784,Engineering,1,85848.67313,8
785,Sales,3,49516.41164,0
786,Sales,1,64896.55969,3
787,Engineering,2,94833.00699,14
789,Sales,1,93173.21178,1
791,Engineering,3,120562.4301,18
792,Engineering,5,82717.59539,7
793,Engineering,3,108077.431,7
796,Sales,3,64523.32147,12
797,Engineering,2,100952.2598,7
799,Engineering,3,81050.18882,28
800,Sales,5,80461.50759,14
802,Engineering,3,76982.39528,18
803,Engineering,3,74672.99479,5
804,Engineering,3,53653.76645,10
805,Sales,3,63856.74074,15
806,Engineering,3,90043.92656,2
807,Engineering,3,76553.8581,27
808,Sales,3,79894.08591,10
809,Engineering,4,70177.39822,12
811,Engineering,2,74480.09465,9
812,Engineering,4,58898.71742,3
813,Engineering,3,55146.44099,8
815,Engineering,5,55036.04863,21
816,Engineering,2,73229.19107,5
817,Engineering,3,84330.20044,7
819,Sales,2,54849.36185,6
820,Engineering,3,83737.30906,7
823,Engineering,2,76402.86565,27
824,Engineering,4,89796.04982,17
825,Engineering,4,77326.03661,13
826,Engineering,3,87109.52029,5
827,Engineering,4,80387.21056,9
828,Engineering,4,60919.82033,20
829,Finance,3,45714.06616,7
830,Engineering,3,69750.63464,21
832,Engineering,5,55763.64961,14
833,Engineering,2,81594.95159,14
834,Engineering,1,82611.53875,9
836,Engineering,1,62346.61343,13
837,Engineering,3,86352.12023,6
838,Engineering,4,62947.94418,12
840,Sales,5,94478.28295,18
842,Sales,2,69100.7462,8
843,Engineering,3,130360.3063,20
844,Engineering,5,59083.58498,5
845,Engineering,2,60813.16988,5
846,Sales,2,65588.26075,23
847,Finance,3,67648.29332,25
848,Engineering,3,62438.09489,9
850,Engineering,3,64408.31228,17
851,Sales,1,55875.89401,6
852,Engineering,1,103637.4025,31
854,Engineering,3,118438.8051,11
855,Sales,1,84118.12606,14
856,Engineering,4,84165.08568,14
857,Sales,3,62352.12543,4
859,Sales,3,87742.25901,12
861,Engineering,3,56929.55916,13
862,Sales,2,124644.1405,4
864,Sales,3,65579.35159,14
865,Engineering,3,68292.7211,3
867,Engineering,4,58507.48225,7
868,Sales,3,59360.55088,19
869,Finance,3,73424.22873,10
872,Engineering,2,64702.37064,20
874,Engineering,4,89417.83588,5
875,Engineering,3,72567.76556,17
878,Finance,3,51647.96482,11
879,Sales,3,95216.85621,14
880,Engineering,3,79758.58661,2
881,Engineering,2,111039.1394,8
882,Engineering,4,58623.26952,3
885,Sales,3,58223.47324,5
887,Engineering,5,85985.70633,5
888,Engineering,4,60454.35348,12
889,Sales,5,62918.63927,12
893,Sales,3,48223.92676,6
894,Engineering,4,83165.93842,16
895,Engineering,2,52521.36688,16
896,Sales,3,56072.66428,19
897,Sales,2,97502.92542,13
899,Engineering,3,57103.57881,7
900,Sales,5,80420.02603,12
901,Engineering,3,58588.13255,9
902,Engineering,3,67669.02581,27
903,Sales,2,99187.82408,8
904,Sales,3,54192.89033,7
905,Engineering,3,51005.01957,21
909,Finance,3,58376.89239,18
910,Finance,3,52211.30577,5
911,Engineering,3,50273.06372,14
912,Engineering,5,92777.28275,7
913,Engineering,2,80257.99767,9
916,Sales,3,66608.19473,12
918,Engineering,2,71221.42673,22
920,Engineering,3,134473.6472,18
922,Sales,3,53077.14306,6
923,Engineering,4,86243.49085,10
924,Engineering,3,72213.18405,9
925,Sales,3,52559.1651,4
926,Engineering,3,66796.8028,17
927,Engineering,4,61259.5528,7
930,Engineering,1,95559.76185,16
932,Engineering,3,53112.10668,12
933,Engineering,3,56311.00819,20
934,Engineering,3,76159.88091,4
936,Sales,3,98890.58261,3
939,Engineering,3,68191.85129,18
940,Engineering,4,121012.7997,31
941,Sales,4,59827.37894,5
942,Engineering,5,68608.62279,11
944,Engineering,4,79242.54313,13
945,Engineering,3,52655.39802,7
947,Sales,2,70626.94338,11
949,Engineering,2,86560.73519,20
950,Engineering,3,64883.99575,10
951,Engineering,4,64363.60955,15
952,Sales,2,48967.30589,13
954,Sales,1,79290.18808,6
956,Sales,3,131591.4341,8
957,Engineering,5,79199.23288,22
958,Engineering,2,84916.69452,4
959,Sales,2,52453.38449,13
960,Engineering,3,65000.82029,27
961,Engineering,4,48809.79511,7
964,Engineering,3,91371.75906,3
966,Engineering,4,78307.95484,12
967,Sales,4,125720.9357,6
969,Engineering,2,111075.4236,8
970,Sales,3,82897.42082,7
972,Engineering,2,87144.27163,7
974,Sales,3,72326.31225,3
975,Sales,3,46170.57689,9
976,Engineering,3,92151.60019,8
977,Engineering,4,63661.73531,11
981,Sales,1,66020.8704,13
982,Sales,3,56790.13819,3
983,Sales,3,96126.14004,11
984,Sales,2,103466.0394,11
985,Sales,1,104184.6817,8
986,Sales,1,57040.87129,8
987,Engineering,5,55151.39485,12
990,Sales,4,62310.09344,7
991,Engineering,4,85166.90162,21
992,Sales,1,50902.50811,6
994,Engineering,3,53060.90485,13
995,Engineering,2,70334.00682,7
996,Engineering,5,104743.0907,18
997,Engineering,4,54591.46326,14
998,Engineering,2,65424.70527,10
999,Engineering,3,80346.17447,12
1001,Engineering,4,82514.63648,6
1002,Engineering,4,60255.92325,17
1003,Sales,4,64740.73845,17
1004,Engineering,3,89575.46779,22
1005,Engineering,4,60581.59866,8
1006,Engineering,3,58409.77722,10
1007,Engineering,3,67189.75752,30
1009,Engineering,4,59013.7393,20
1010,Engineering,3,72208.82669,11
1011,Engineering,4,53130.37218,17
1012,Engineering,2,105492.7794,3
1013,Engineering,4,64953.78746,23
1014,Engineering,3,58366.73878,12
1015,Engineering,1,56206.71918,22
1016,Engineering,3,53331.9732,19
1017,Engineering,3,49985.07418,4
1018,Engineering,4,64904.8381,17
1019,Engineering,3,75944.09665,21
1022,Engineering,4,78770.98291,3
1024,Engineering,3,52877.27044,11
1025,Engineering,4,85126.67581,6
1026,Engineering,3,59656.83119,6
1027,Engineering,5,58338.67009,11
1028,Engineering,5,73966.35917,18
1029,Sales,3,47018.69262,1
1030,Engineering,3,96812.00599,6
1032,Engineering,5,52967.74477,14
1033,Engineering,3,58018.52441,4
1034,Engineering,3,70379.1436,24
1035,Engineering,4,61563.21971,15
1036,Sales,1,79220.73698,9
1037,Sales,4,68038.28605,4
1038,Sales,3,75401.36975,3
1039,Sales,2,67484.09575,9
1040,Sales,3,51161.87312,19
1042,Engineering,4,85409.38994,19
1043,Engineering,3,51462.27371,19
1044,Sales,3,48855.74571,12
1045,Sales,1,66291.07573,3
1046,Engineering,3,75024.30639,18
1047,Sales,3,51662.96485,2
1048,Sales,3,60362.2498,20
1049,Finance,5,54624.91244,4
1050,Sales,1,53723.40421,4
1052,Engineering,4,57769.6366,4
1053,Engineering,3,102978.1771,18
1055,Sales,3,90708.50842,14
1056,Sales,2,103685.0643,6
1060,Engineering,3,49976.04766,7
1061,Engineering,4,80272.69418,14
1062,Engineering,2,57300.35272,15
1066,Sales,5,88592.97974,13
1068,Engineering,3,63407.08084,11
1069,Engineering,4,70418.51937,14
1070,Sales,1,53206.34541,7
1071,Engineering,2,97594.73724,27
1073,Engineering,3,77247.78221,16
1074,Engineering,5,65550.28365,15
1076,Sales,2,96543.25113,9
1077,Sales,2,65665.67701,7
1079,Engineering,4,96800.56002,11
1080,Engineering,3,67371.44292,7
1081,Engineering,5,65482.57586,5
1082,Engineering,5,64341.43385,16
1083,Engineering,4,86999.50263,5
1084,Engineering,3,100642.2721,9
1085,Engineering,3,62260.23683,11
1088,Engineering,5,64920.86294,9
1092,Engineering,3,54382.78582,15
1094,Engineering,3,52062.05153,14
1096,Engineering,4,93240.03498,1
1097,Engineering,3,52351.10489,23
1098,Finance,2,92946.36845,10
1099,Engineering,1,75244.68344,20
1100,Sales,4,63126.02765,14
1101,Engineering,4,79862.61494,11
1102,Engineering,3,85296.55976,3
1103,Engineering,2,70005.33353,8
1105,Sales,3,58008.23194,5
1106,Engineering,4,79715.85824,10
1107,Engineering,4,52232.44502,10
1108,Engineering,3,89720.30673,19
1109,Engineering,3,71888.55861,0
1111,Engineering,4,83516.4143,8
1113,Sales,3,58119.98894,4
1114,Sales,3,60234.14571,0
1115,Engineering,4,65755.1017,14
1116,Engineering,3,87910.8155,14
1117,Sales,3,91390.57509,8
1118,Engineering,3,74442.29281,9
1119,Sales,3,131079.9224,10
1120,Engineering,3,53551.28728,34
1121,Engineering,2,74249.50192,25
1124,Sales,1,76082.5477,13
1125,Sales,3,91828.46298,3
1126,Engineering,3,55179.8829,2
1127,Engineering,3,93486.43314,7
1128,Engineering,3,69010.14977,2
1131,Engineering,3,93266.42141,27
1132,Engineering,4,52315.74753,10
1133,Engineering,4,82788.50751,20
1135,Sales,2,62441.75463,15
1136,Engineering,3,76677.67597,5
1137,Sales,1,58515.65587,24
1138,Sales,3,59870.68297,12
1140,Engineering,3,74468.2009,33
1143,Engineering,4,68864.25994,2
1148,Engineering,4,60637.60204,6
1150,Engineering,5,70240.7168,12
1152,Finance,3,62299.68932,4
1154,Engineering,3,66307.83778,24
1156,Engineering,3,104673.7276,19
1157,Sales,3,55007.51023,7
1158,Engineering,5,55056.53105,11
1160,Engineering,3,75084.73513,11
1161,Engineering,1,51910.88352,31
1162,Engineering,2,59017.89943,8
1163,Sales,3,69301.09513,3
1164,Finance,4,55945.5052,16
1165,Sales,3,91296.58941,3
1166,Engineering,3,120253.7188,28
1167,Sales,5,143105.4738,12
1171,Sales,5,65289.53624,13
1172,Engineering,3,74758.96269,18
1173,Engineering,3,66159.2453,2
1175,Engineering,3,70507.70139,38
1177,Engineering,2,88375.05643,8
1179,Sales,3,90146.47,12
1180,Engineering,4,108906.3455,9
1182,Engineering,3,55865.18196,19
1184,Engineering,2,102138.8806,9
1185,Engineering,3,105455.8701,25
1188,Sales,5,123285.2997,4
1190,Sales,3,68252.49815,25
1191,Engineering,4,84941.73202,23
1192,Engineering,3,69486.90698,23
1193,Engineering,4,59328.71462,28
1195,Engineering,3,80008.31571,13
1196,Engineering,1,58410.59667,15
1198,Engineering,2,79101.92392,24
1200,Engineering,2,51490.49593,8
1201,Engineering,4,108925.0633,13
1202,Engineering,3,58410.25132,14
1203,Engineering,3,111974.1989,11
1204,Sales,2,84653.49106,8
1206,Engineering,4,92550.54236,7
1207,Finance,3,66964.73825,3
1210,Engineering,4,64212.27237,9
1211,Sales,2,65077.43415,11
1212,Sales,2,91436.72988,26
1215,Engineering,5,96909.8468,4
1216,Engineering,2,69751.07223,15
1217,Engineering,1,56468.94373,13
1218,Sales,3,76199.44366,10
1219,Engineering,3,58451.3796,13
1220,Sales,3,82922.22373,17
1221,Engineering,2,53238.98242,5
1224,Engineering,3,78799.56176,2
1225,Engineering,2,118726.5521,2
1226,Sales,3,105481.3425,7
1228,Engineering,4,68517.43915,9
1231,Finance,5,61975.49203,13
1233,Sales,1,69424.6159,1
1234,Engineering,3,66729.17138,14
1235,Engineering,4,118717.1397,4
1237,Engineering,1,68707.72249,14
1238,Engineering,3,66117.84606,5
1239,Sales,5,59617.69495,21
1240,Sales,4,76629.99939,9
1241,Engineering,3,81493.60443,17
1242,Engineering,2,100867.8459,20
1243,Sales,4,129689.3796,21
1244,Engineering,4,86712.06839,8
1245,Engineering,2,84115.12004,10
1246,Engineering,4,94986.10783,3
1248,Engineering,3,84942.59721,13
1249,Engineering,2,60608.86063,3
1250,Engineering,1,60188.71604,18
1251,Engineering,4,52837.04367,4
1252,Engineering,3,63588.18251,12
1254,Sales,2,77008.0234,12
1255,Engineering,5,56351.0696,26
1256,Engineering,4,113942.6189,7
1257,Engineering,3,80160.65079,6
1258,Engineering,3,56217.38941,12
1259,Engineering,4,74859.54158,10
1260,Engineering,3,54904.26784,10
1263,Engineering,2,78355.87952,18
1264,Engineering,3,59014.62603,17
1265,Engineering,1,52020.03773,23
1267,Sales,3,86131.06691,16
1268,Sales,1,62114.93562,23
1269,Engineering,4,67824.61171,12
1270,Engineering,4,85384.25577,7
1273,Sales,4,84950.61991,5
1275,Engineering,2,86821.75668,21
1277,Sales,3,78166.93931,4
1278,Engineering,4,71512.92557,15
1279,Engineering,4,81462.73269,9
1280,Sales,3,58508.87019,8
1281,Sales,3,77178.53702,1
1282,Sales,3,67369.81203,2
1283,Engineering,3,69612.79786,22
1285,Engineering,2,77225.07803,12
1286,Engineering,4,56693.90224,7
1288,Engineering,2,49990.32763,9
1289,Finance,2,106115.0753,9
1291,Engineering,3,75918.01783,13
1292,Engineering,3,69581.0241,8
1293,Sales,3,85103.21911,5
1294,Engineering,4,51348.30634,22
1295,Engineering,1,59113.55011,2
1296,Engineering,3,115180.8453,10
1297,Engineering,4,81023.0273,5
1298,Engineering,3,83381.78511,27
1299,Engineering,1,77281.77528,5
1301,Engineering,5,54359.45343,17
1303,Engineering,3,49835.09803,17
1304,Sales,5,58442.99328,10
1306,Engineering,3,98947.501,15
1307,Engineering,3,73364.80116,5
1308,Engineering,3,73148.4215,12
1309,Engineering,2,106967.7015,10
1310,Engineering,2,121457.2481,9
1311,Engineering,5,52994.10556,0
1312,Engineering,3,88594.24906,13
1314,Finance,3,77637.82316,33
1315,Engineering,3,107175.9072,3
1317,Engineering,2,98176.47672,14
1318,Sales,3,56320.59553,19
1319,Sales,4,51153.98014,21
1321,Engineering,2,87318.03239,4
1322,Engineering,4,65568.4919,27
1324,Sales,1,55379.39464,2
1329,Sales,3,120143.223,13
1331,Sales,4,52075.15291,6
1333,Engineering,4,88876.69631,10
1334,Engineering,3,80132.49856,12
1336,Engineering,4,49171.02075,6
1338,Finance,4,84960.31038,30
1340,Engineering,4,75236.70456,9
1344,Engineering,2,89947.24626,16
1346,Engineering,4,67736.29483,15
1349,Sales,3,76714.8171,12
1350,Engineering,3,83349.1664,5
1352,Finance,1,70929.34977,12
1355,Sales,3,85720.64062,20
1356,Sales,1,74810.02841,11
1358,Engineering,3,52704.27952,7
1360,Engineering,3,63938.58912,25
1361,Engineering,3,69358.85247,31
1362,Sales,3,68143.16415,0
1363,Engineering,2,54115.406,31
1364,Sales,3,47056.81189,4
1367,Engineering,3,120644.8422,6
1368,Engineering,3,70589.45548,12
1369,Engineering,3,54754.86478,22
1371,Sales,3,92592.52108,3
1372,Sales,2,49535.11805,2
1373,Engineering,4,56486.62571,1
1374,Engineering,3,70229.68981,21
1375,Engineering,3,83632.1436,5
1377,Engineering,3,53885.93756,15
1379,Sales,2,48588.70421,4
1380,Sales,3,75699.90933,11
1382,Engineering,3,67744.05583,10
1383,Engineering,4,75985.61238,11
1387,Sales,3,121942.7141,2
1389,Engineering,3,67059.90576,7
1390,Sales,3,66723.00886,1
1391,Sales,3,88406.65268,13
1392,Engineering,3,78790.40747,12
1394,Engineering,5,89539.88283,26
1395,Sales,1,58235.48353,7
1396,Sales,3,94464.11983,11
1397,Engineering,3,86160.69156,10
1399,Sales,3,69682.94725,3
1401,Engineering,3,58751.42966,19
1402,Engineering,3,61714.3495,20
1403,Sales,4,74301.0463,9
1405,Engineering,4,66455.30778,5
1407,Engineering,3,53103.00862,18
1408,Finance,1,66802.11806,12
1409,Engineering,3,70588.01425,21
1411,Engineering,4,54687.14791,14
1412,Engineering,4,62071.88095,0
1415,Engineering,3,78898.19401,14
1417,Engineering,5,68163.18754,12
1419,Finance,1,76275.47153,1
1420,Engineering,4,70103.71047,7
1421,Engineering,1,92612.1658,21
1422,Engineering,3,68336.99467,18
1423,Engineering,4,78119.09437,9
1424,Engineering,3,61855.58567,19
1425,Sales,4,77026.53227,19
1427,Sales,1,90047.97349,10
1428,Sales,2,75209.55397,13
1430,Engineering,3,63023.95616,17
1431,Engineering,4,54050.08928,12
1433,Engineering,1,94601.17273,26
1434,Engineering,2,92046.70575,7
1435,Engineering,1,61970.22599,18
1436,Sales,1,97930.86122,8
1438,Engineering,1,57865.87404,17
1439,Sales,3,59462.01756,3
1440,Engineering,4,72965.64882,3
1441,Engineering,3,63907.53941,10
1443,Engineering,4,60698.16571,18
1445,Sales,1,83860.64531,5
1446,Sales,3,62318.45518,6
1447,Engineering,4,84144.44295,10
1448,Engineering,4,105443.7078,15
1449,Engineering,3,57615.41862,8
1453,Sales,1,81174.23165,13
1457,Sales,4,65943.91896,2
1458,Engineering,3,58176.55789,12
1459,Engineering,4,78660.07792,12
1460,Engineering,3,56181.22337,19
1461,Finance,3,56406.21781,13
1464,Engineering,2,55641.43555,6
1465,Engineering,3,70263.15255,17
1466,Sales,1,63313.45386,10
1467,Finance,2,79069.05378,19
1468,Engineering,3,85980.91754,11
1469,Sales,4,65497.79812,17
1471,Engineering,3,59179.50778,18
1472,Engineering,3,85020.76339,11
1473,Engineering,4,62405.67954,4
1474,Engineering,2,135949.0046,0
1475,Engineering,4,91270.56976,14
1477,Sales,3,57269.16873,3
1478,Sales,3,67305.84044,9
1479,Sales,2,55036.37263,5
1480,Engineering,3,72865.45777,16
1481,Sales,1,78460.69736,6
1482,Engineering,3,47631.09532,19
1483,Engineering,3,57908.40729,3
1484,Engineering,2,68914.84266,10
1485,Engineering,3,83232.61589,22
1486,Sales,2,67145.82809,6
1487,Sales,3,102414.7395,11
1489,Sales,2,81688.73386,0
1492,Sales,3,80318.36934,24
1494,Engineering,3,57815.21858,8
1495,Sales,1,73881.41053,13
1496,Engineering,3,53885.03443,15
1497,Sales,3,95474.69555,7
1499,Finance,3,84456.57488,11
1501,Engineering,3,72895.96284,19
1502,Engineering,1,92044.69416,5
1503,Sales,5,53475.74951,5
1504,Engineering,2,76767.80041,24
1506,Engineering,5,139875.4848,16
1507,Sales,3,63125.45012,3
1509,Engineering,2,55595.49039,11
1513,Engineering,3,78682.14813,10
1514,Engineering,3,104287.6227,19
1515,Engineering,3,66230.12287,5
1516,Engineering,4,55369.76771,8
1520,Engineering,3,130849.3926,4
1522,Engineering,4,67056.80634,4
1523,Engineering,4,63198.97345,8
1525,Engineering,3,71574.21554,2
1527,Sales,3,95194.91244,9
1529,Engineering,3,98441.94363,5
1533,Engineering,4,87326.18097,15
1534,Engineering,3,124401.6089,9
1535,Sales,4,70453.99611,10
1537,Engineering,1,77864.19004,19
1539,Engineering,2,94094.91225,8
1541,Sales,3,69600.46033,10
1542,Engineering,3,74136.29036,15
1543,Engineering,3,85420.5332,4
1544,Engineering,4,97422.93756,12
1545,Engineering,4,61832.28974,7
1546,Engineering,4,66977.05155,9
1547,Engineering,4,64052.79994,17
1548,Sales,3,71793.75373,4
1549,Engineering,3,100281.0775,7
1550,Finance,3,69182.22832,9
1551,Engineering,1,62241.20903,0
1552,Engineering,3,68231.22145,28
1553,Engineering,3,50796.45288,1
1554,Sales,3,97423.02138,15
1555,Engineering,3,53741.65951,6
1556,Sales,5,72073.14522,2
1557,Sales,4,63953.6083,5
1558,Engineering,2,58197.22949,9
1560,Sales,3,111443.294,6
1562,Sales,4,77192.02207,12
1563,Finance,3,89592.7029,23
1564,Engineering,4,122396.5435,6
1568,Sales,1,70873.16739,16
1569,Engineering,4,125539.782,2
1572,Engineering,3,113349.6632,5
1573,Engineering,5,63614.66875,22
1574,Engineering,4,69245.39475,36
1576,Engineering,4,96856.69476,7
1577,Engineering,3,70806.52432,13
1578,Sales,3,92778.23729,5
1580,Engineering,3,69157.79713,18
1581,Engineering,3,95978.77437,17
1582,Sales,4,80835.59352,20
1583,Sales,3,76488.15042,8
1585,Sales,3,61162.19252,3
1586,Engineering,3,62939.32647,6
1587,Engineering,1,91614.97938,6
1588,Sales,4,96982.19964,11
1590,Engineering,1,51388.85974,15
1591,Sales,3,55258.1497,7
1592,Engineering,2,90796.74819,6
1594,Engineering,4,57741.33658,15
1595,Engineering,4,60803.96927,10
1596,Engineering,3,97253.38348,11
1597,Engineering,4,74041.8726,8
1598,Sales,2,83302.16657,3
1599,Engineering,3,76296.49921,22
1601,Engineering,4,74772.30621,12
1602,Sales,3,58720.32742,7
1604,Engineering,4,101272.7952,16
1605,Engineering,4,62810.87081,5
1606,Engineering,4,84745.26042,10
1607,Engineering,4,64701.16663,5
1608,Engineering,2,61533.9776,11
1609,Engineering,3,88533.95847,9
1611,Engineering,3,49220.48213,17
1612,Sales,5,51463.21536,7
1613,Sales,3,139030.9629,12
1614,Engineering,4,59370.90601,3
1615,Engineering,3,65896.02964,7
1617,Engineering,3,53496.01274,9
1618,Engineering,3,72863.81419,4
1619,Engineering,3,71779.68132,8
1621,Engineering,3,57691.98159,21
1622,Engineering,3,66662.61228,2
1623,Engineering,2,90218.81142,9
1624,Sales,2,54252.70638,7
1625,Finance,3,68545.6172,11
1627,Engineering,3,85075.65447,9
1628,Engineering,3,89818.268,10
1630,Engineering,5,76507.80654,4
1631,Engineering,3,103019.3858,4
1633,Engineering,3,78609.63232,2
1635,Engineering,4,66386.6925,12
1638,Engineering,3,74640.12891,12
1639,Sales,1,64491.73701,13
1640,Engineering,3,74267.58321,21
1641,Engineering,3,79088.32767,1
1642,Finance,3,50935.10563,3
1644,Engineering,3,70790.97578,23
1645,Sales,5,82772.57104,14
1646,Engineering,5,76935.98909,6
1647,Engineering,3,69764.62628,12
1648,Engineering,3,65093.34034,1
1649,Engineering,3,59915.83627,11
1650,Sales,5,70991.26186,23
1651,Engineering,3,77898.3298,12
1653,Engineering,3,67677.81043,6
1654,Engineering,2,52429.26422,22
1655,Engineering,4,70962.33231,13
1656,Engineering,2,111887.6875,21
1657,Sales,3,62189.6051,4
1658,Engineering,3,59891.1838,4
1659,Engineering,2,93661.24601,7
1661,Engineering,2,85929.455,9
1662,Engineering,4,77031.18712,4
1664,Engineering,4,82608.0522,4
1665,Engineering,4,63449.71325,15
1666,Engineering,3,60931.99923,4
1667,Sales,1,79035.75994,9
1668,Engineering,5,78464.25928,17
1669,Sales,4,73907.08629,13
1670,Sales,5,62571.21326,14
1671,Engineering,3,53113.5348,16
1673,Sales,2,56177.12541,7
1674,Engineering,5,74980.74178,23
1675,Engineering,5,59577.63667,16
1676,Sales,1,81009.39746,4
1677,Engineering,4,53964.0617,12
1678,Sales,3,74098.96324,4
1680,Sales,1,77011.93657,3
1681,Sales,2,74548.18679,6
1682,Engineering,2,80928.85762,24
1683,Finance,3,67389.03611,2
1684,Engineering,3,66896.82718,17
1687,Engineering,2,66976.80553,17
1689,Engineering,5,70143.35921,15
1691,Sales,3,99825.411,6
1692,Engineering,3,94514.3463,11
1693,Engineering,4,63222.32485,6
1694,Engineering,4,48411.02504,19
1696,Engineering,3,75123.33587,6
1697,Engineering,4,64194.7882,7
1698,Engineering,4,84685.3705,13
1700,Sales,4,66642.0199,14
1701,Engineering,2,57248.77443,16
1702,Sales,3,70432.04944,18
1703,Engineering,4,46112.04272,18
1704,Engineering,3,48786.8723,7
1706,Sales,2,49491.14774,5
1707,Engineering,4,63165.5944,25
1708,Sales,4,73796.57863,8
1709,Engineering,3,67242.0346,32
1710,Sales,3,71661.62412,9
1712,Engineering,4,90141.60568,11
1714,Finance,3,73556.72878,12
1716,Sales,3,51308.26551,19
1718,Engineering,3,64793.55675,16
1719,Engineering,4,45529.69024,7
1720,Engineering,2,77170.32321,9
1721,Engineering,2,50399.96797,5
1722,Finance,5,115939.3637,21
1724,Engineering,3,72223.8366,3
1725,Engineering,3,86458.76993,0
1727,Engineering,4,83296.13712,12
1728,Engineering,1,64093.12495,10
1729,Engineering,4,61970.40351,3
1731,Sales,3,77706.67274,7
1732,Sales,3,109086.951,13
1733,Sales,2,64473.21904,9
1734,Sales,2,71025.87842,10
1735,Engineering,4,72287.2014,8
1736,Engineering,4,77100.40033,7
1737,Engineering,4,61411.01196,4
1739,Sales,3,72219.40644,12
1740,Sales,2,80232.00534,8
1744,Finance,5,99445.68871,15
1745,Engineering,2,48344.15108,13
1746,Finance,4,59235.68874,6
1747,Finance,4,75669.84489,15
1749,Sales,3,109083.5149,10
1751,Engineering,3,71800.16098,6
1752,Sales,3,71771.0491,2
1753,Engineering,1,77526.10384,15
1754,Sales,1,87448.1141,4
1755,Engineering,3,53370.71302,21
1756,Sales,5,60127.54867,14
1757,Sales,4,61226.95679,8
1758,Sales,2,95877.42606,15
1760,Engineering,2,82661.93767,16
1761,Sales,3,76206.88837,26
1762,Engineering,3,123207.0666,5
1763,Engineering,3,63548.29196,4
1764,Engineering,3,79075.48915,24
1766,Engineering,3,46654.93108,12
1767,Engineering,4,97929.78139,14
1768,Engineering,4,84822.29074,8
1770,Engineering,3,55237.08678,15
1771,Engineering,2,69223.21117,25
1772,Engineering,2,72612.99731,5
1774,Sales,3,77913.99994,3
1775,Engineering,3,56485.32646,7
1778,Finance,3,81801.41266,11
1779,Sales,3,71035.1472,6
1780,Sales,2,81424.87677,9
1782,Engineering,3,52525.57509,7
1783,Engineering,4,66888.48649,1
1784,Sales,1,61794.91534,23
1786,Engineering,3,85210.40704,3
1787,Sales,3,58317.0537,35
1789,Engineering,3,72097.76572,7
1790,Engineering,3,69130.95989,18
1792,Engineering,3,56511.27457,12
1794,Finance,4,64062.7919,2
1797,Sales,2,108525.0464,1
1798,Engineering,2,72918.88604,4
1799,Engineering,2,62038.05133,4
1800,Engineering,3,75414.58243,8
1801,Sales,3,80692.04109,13
1802,Engineering,3,55197.74007,6
1803,Engineering,3,84089.3726,14
1804,Engineering,3,67221.66172,14
1805,Finance,3,84263.82011,15
1807,Engineering,3,90117.22882,5
1809,Engineering,1,95751.1752,26
1812,Sales,3,108131.1387,8
1813,Engineering,4,61769.32652,9
1814,Engineering,2,67373.71038,24
1815,Sales,2,69812.4214,10
1816,Engineering,3,69480.34587,6
1818,Finance,3,50185.9529,0
1821,Engineering,2,56134.47161,7
1822,Engineering,1,48411.75414,19
1823,Sales,2,99031.7991,17
1824,Sales,4,72909.59232,7
1826,Engineering,3,62524.8583,8
1827,Engineering,3,76323.70087,9
1829,Engineering,4,75454.83962,23
1830,Engineering,2,52099.91134,14
1833,Sales,1,52482.3294,2
1834,Engineering,4,87913.48799,9
1835,Sales,1,104734.8345,15
1836,Sales,3,60052.95806,6
1837,Engineering,3,55965.5907,4
1839,Engineering,3,109190.8153,3
1842,Finance,3,56769.58962,6
1844,Finance,3,103809.8899,7
1845,Sales,3,102866.71,12
1847,Engineering,3,58922.35558,11
1849,Sales,3,124461.4846,8
1850,Engineering,3,88884.49843,5
1852,Engineering,3,74023.47922,18
1853,Sales,1,52711.15066,2
1854,Engineering,1,58855.32805,15
1856,Engineering,4,64108.90741,25
1857,Engineering,3,84164.74107,12
1858,Finance,5,61833.69926,9
1859,Engineering,2,63945.36812,14
1860,Engineering,4,56567.60258,4
1862,Sales,3,67558.90718,11
1863,Sales,1,59751.90579,8
1864,Sales,1,88578.15204,16
1865,Finance,3,111836.7644,16
1866,Engineering,3,117719.5328,9
1867,Engineering,4,71148.56431,15
1868,Engineering,2,68441.93201,0
1869,Sales,4,57364.0381,4
1870,Engineering,3,84173.2479,4
1871,Engineering,4,54095.05069,36
1873,Engineering,5,80738.76212,7
1875,Sales,2,82930.35469,9
1876,Sales,3,89589.90736,5
1878,Engineering,4,61605.19855,19
1880,Sales,4,68289.09047,22
1881,Engineering,4,52660.59245,18
1882,Sales,1,57803.88727,10
1883,Engineering,2,70364.40895,5
1885,Engineering,2,54588.85759,3
1886,Engineering,5,73656.29255,4
1888,Engineering,2,65587.49682,22
1890,Finance,3,98129.31652,11
1892,Engineering,5,85860.30532,22
1893,Engineering,1,72888.38861,7
1898,Sales,2,50630.32694,8
1900,Engineering,3,48886.02171,19
1903,Engineering,3,56324.24342,11
1905,Engineering,4,104497.1362,9
1907,Engineering,4,60083.23573,8
1908,Sales,4,69097.70519,14
1909,Sales,2,96326.24246,9
1911,Engineering,3,74106.89917,14
1912,Sales,3,66851.18493,2
1915,Sales,2,88145.29586,12
1916,Engineering,5,55110.52025,14
1918,Engineering,3,64396.05159,27
1922,Engineering,2,51138.62043,17
1924,Sales,3,56225.62056,3
1927,Sales,3,84216.25589,14
1928,Sales,3,65583.45701,14
1929,Sales,3,59043.00694,8
1931,Engineering,4,47793.89554,9
1932,Engineering,4,74271.2084,35
1933,Sales,3,69291.38432,12
1934,Engineering,4,95035.89455,15
1935,Sales,1,76267.29962,11
1936,Engineering,4,143203.1874,8
1937,Engineering,5,47950.86956,5
1938,Sales,2,76063.98704,2
1939,Engineering,3,55091.91255,10
1940,Engineering,4,62558.11324,3
1941,Engineering,3,69742.27667,28
1943,Sales,2,102660.199,3
1944,Finance,5,127013.2159,5
1945,Sales,3,74285.51107,4
1947,Engineering,2,74876.73551,13
1948,Engineering,2,82912.42024,8
1949,Engineering,5,104131.9628,4
1950,Sales,3,55492.38631,3
1951,Sales,2,73876.79807,27
1952,Engineering,3,69196.61186,1
1954,Engineering,3,84895.72688,4
1955,Engineering,3,104029.4993,17
1956,Engineering,5,103032.3374,5
1960,Engineering,3,69669.16762,14
1961,Sales,3,84987.09107,4
1962,Sales,3,111049.2745,9
1965,Sales,4,61620.51231,4
1966,Engineering,3,56793.24718,11
1967,Sales,3,101666.501,4
1968,Sales,3,50873.81169,18
1969,Engineering,2,81203.91425,19
1970,Engineering,5,87433.44606,14
1971,Engineering,2,126574.9515,22
1972,Finance,4,89861.43433,3
1973,Finance,1,84730.66601,24
1974,Engineering,3,74955.37433,13
1975,Sales,3,71606.84879,6
1976,Engineering,3,68524.93118,3
1979,Engineering,3,73009.28599,10
1980,Engineering,3,83473.8034,19
1981,Engineering,3,104424.6249,27
1982,Engineering,4,64314.19665,18
1985,Engineering,3,70117.80994,12
1986,Sales,4,66065.05293,23
1987,Finance,3,113359.2438,15
1989,Engineering,5,55894.17779,13
1992,Engineering,3,87844.91119,7
1993,Engineering,3,56367.18931,5
1994,Engineering,3,69649.74011,19
1995,Sales,2,92049.86662,27
1996,Sales,3,86735.96492,4
1997,Engineering,3,56127.40021,2
1998,Engineering,2,73899.35398,3
1999,Engineering,3,58686.45158,5
2000,Engineering,5,57990.64542,5
2003,Engineering,4,72078.77415,8
2007,Engineering,3,81647.96948,21
2008,Engineering,3,72888.05702,17
2009,Engineering,3,54438.24338,12
2010,Engineering,3,59901.49257,13
2012,Engineering,3,67519.83499,7
2013,Sales,3,54806.7017,16
2014,Engineering,3,63530.41032,11
2015,Engineering,1,56131.36551,15
2016,Sales,2,68698.75301,8
2017,Engineering,4,82738.4368,3
2018,Sales,3,118111.7784,9
2019,Sales,4,84994.06235,5
2020,Engineering,2,88089.92964,16
2021,Sales,3,108386.7029,13
2022,Engineering,4,55772.92799,14
2023,Sales,3,130706.8869,7
2024,Sales,3,71719.05782,5
2025,Engineering,2,54341.65028,20
2026,Engineering,3,75616.2639,6
2027,Engineering,1,54640.52904,16
2031,Engineering,3,58177.17424,19
2032,Engineering,3,54206.07806,10
2034,Engineering,2,85396.33069,6
2035,Sales,2,81545.78924,11
2036,Sales,4,81141.34638,8
2037,Sales,3,69505.53668,1
2038,Engineering,3,72988.32234,5
2040,Finance,5,97911.06418,11
2041,Sales,3,115149.3577,5
2044,Sales,2,68502.00093,7
2045,Sales,2,56339.79765,13
2046,Sales,3,80524.47338,10
2048,Engineering,4,64525.18397,10
2049,Engineering,2,75396.5276,8
2051,Engineering,3,47206.87819,19
2052,Engineering,3,66035.27852,15
2053,Engineering,4,69582.76372,5
2054,Engineering,3,53629.6701,12
2055,Sales,3,58998.70842,12
2056,Sales,4,91331.25814,8
2057,Engineering,4,63204.96374,12
2060,Sales,3,74188.50073,13
2061,Engineering,1,49384.53146,5
2062,Engineering,2,78588.46832,6
2064,Engineering,4,87528.24317,9
2065,Sales,2,67971.31922,7
2068,Engineering,3,63652.14172,12